{"cameraMode":{"drawMode":0,"name":"Shaded","section":"Shading Mode"},"sceneLighting":false,"audioPlay":false,"sceneViewState":{"m_AlwaysRefresh":false,"showFog":true,"showSkybox":false,"showFlares":true,"showImageEffects":true,"showParticleSystems":true,"showVisualEffectGraphs":true,"m_FxEnabled":true},"in2DMode":false,"pivot":{"x":-1.1920928955078126e-7,"y":0.07856065034866333,"z":0.0002785921096801758},"rotation":{"x":0.26302120089530947,"y":-0.22463248670101167,"z":0.06311219930648804,"w":0.9361529350280762},"size":1.1899229288101197,"orthographic":false}