{"cameraMode":{"drawMode":0,"name":"Shaded","section":"Shading Mode"},"sceneLighting":true,"audioPlay":false,"sceneViewState":{"m_AlwaysRefresh":false,"showFog":true,"showSkybox":true,"showFlares":true,"showImageEffects":true,"showParticleSystems":true,"showVisualEffectGraphs":true,"m_FxEnabled":true},"in2DMode":false,"pivot":{"x":-60.918617248535159,"y":128.22576904296876,"z":11.952268600463868},"rotation":{"x":0.2216707468032837,"y":-0.7613036036491394,"z":0.32907766103744509,"w":0.5128238797187805},"size":11.784820556640625,"orthographic":false}